Environment,Active,InstanceName,DatabaseName,DSNName,Port,AuthType,UserName,Password,QueryTimeout,ConnectionTimeout
"SQLServer","1","testmachine","master",,,"winint",,,"30","60"
"AzureManagedSQLDB","1",".public.a7b5fb381f7e.database.windows.net","master",,3342,"SQLAuth","cluadmin","password","30","60"
"AzureSQLDB","1","1.database.windows.net","master",,1433,"SQLAuth","cluadmin","password","30","60"
"AzureSynapse","1","1.database.windows.net","DMAreporting",,,"SQLAuth","cluadmin","password","30","60"
