Environment,Active,InstanceName,DatabaseName,DSNName,Port,AuthType,UserName,Password,QueryTimeout,ConnectionTimeout
"SQLServer","0","testmachine","master",,,"winint",,,"30","60"
"AzureManagedSQLDB","1","dsnazuresqlmi.public.a7b5fb381f7e.database.windows.net","master",,3342,"SQLAuth","sqladmin","StrongP@ssw0rd4mi","30","60"
"AzureSQLDB","0","vkicmserver.database.windows.net","master",,1433,"SQLAuth","cluadmin","test@12345678","30","60"
"AzureSynapse","0","vkicmserver.database.windows.net","DMAreporting",,,"SQLAuth","cluadmin","test@12345678","30","60"
